Keyword,Funnel Stage,Target Location,Est. Monthly Volume (PK),Est. KD (0-100),Search Intent,Recommended Page / URL,Priority
24 hour vet clinic in lahore,Bottom of Funnel (BoFu),Lahore,300 - 500,8,Transactional / Urgent,/lahore/emergency-vet,High
emergency animal hospital near me,Bottom of Funnel (BoFu),Local / Multi-City,"800 - 1,200",12,Transactional / Urgent,/emergency-services,High
sunday open vet clinic lahore,Bottom of Funnel (BoFu),Lahore,150 - 300,4,Transactional / Urgent,/lahore,High
emergency vet clinic islamabad,Bottom of Funnel (BoFu),Islamabad,200 - 400,7,Transactional / Urgent,/islamabad/emergency-vet,High
home visit vet in lahore,Bottom of Funnel (BoFu),Lahore,150 - 250,3,Commercial / High Ticket,/lahore/home-visits,High
home visit vet in islamabad,Bottom of Funnel (BoFu),Islamabad,100 - 200,3,Commercial / High Ticket,/islamabad/home-visits,Medium
dog vaccination cost in pakistan,Middle of Funnel (MoFu),Pakistan (All Cities),500 - 800,11,Commercial / Pricing,/services/dog-vaccination,High
cat neutering price in lahore,Middle of Funnel (MoFu),Lahore,400 - 600,9,Commercial / Pricing,/lahore/cat-spay-neuter,High
best pet surgeon in lahore,Middle of Funnel (MoFu),Lahore,150 - 250,6,Commercial / Trust,/lahore/pet-surgery,High
dog allergy treatment in pakistan,Middle of Funnel (MoFu),Pakistan (All Cities),250 - 450,8,Informational / Commercial,/services/dermatology,Medium
pet ultrasound and blood test lahore,Middle of Funnel (MoFu),Lahore,100 - 200,4,Commercial / Specialized,/lahore/diagnostics,Medium
cat teeth cleaning cost pakistan,Middle of Funnel (MoFu),Pakistan (All Cities),150 - 300,5,Commercial / Specialized,/services/pet-dentistry,Medium
pet microchipping in lahore,Middle of Funnel (MoFu),Lahore,80 - 150,2,Commercial,/lahore/microchipping,Medium
pet export certificate pakistan,Middle of Funnel (MoFu),Pakistan (All Cities),200 - 350,7,High-Ticket Commercial,/services/pet-relocation,High
dog ticks treatment at home,Top of Funnel (ToFu),General / Pakistan,"1,000 - 2,000",14,Informational / Blog,/blog/dog-tick-treatment-guide,Medium
parvovirus treatment for dogs in urdu / english,Top of Funnel (ToFu),Pakistan,"800 - 1,500",15,Informational / Urgent,/blog/parvovirus-symptoms-care,High
what to feed a persian cat in pakistan,Top of Funnel (ToFu),General / Pakistan,"600 - 1,000",6,Informational / Guide,/blog/persian-cat-diet-guide,Low
puppy vaccination schedule pakistan,Top of Funnel (ToFu),Pakistan,400 - 700,5,Informational / Guide,/blog/puppy-vaccination-schedule,High
how much does a vet visit cost in pakistan,Top of Funnel (ToFu),Pakistan,300 - 500,7,Informational / Pricing,/blog/vet-consultation-fees,Medium
