Keyword,Topic Cluster,Target Location,Monthly Volume (PK/Reg),Ahrefs KD (0-100),Search Intent,Funnel Stage,Target Page URL / Slug,Target Word Count,Competitor Weakness / Low DR Ranking,Priority
24 hour vet clinic in lahore,Emergency Care,Lahore,350 - 500,7,Transactional,BoFu,/services/emergency-vet-lahore,"1,500+ words",Only UVAS & general directories; thin clinic landing pages,P1 - Critical
emergency vet clinic islamabad,Emergency Care,Islamabad,250 - 450,6,Transactional,BoFu,/services/emergency-vet-islamabad,"1,500+ words",No dedicated emergency landing page ranking; mostly FB pages,P1 - Critical
emergency pet hospital rawalpindi,Emergency Care,Rawalpindi,200 - 350,5,Transactional,BoFu,/services/emergency-vet-rawalpindi,"1,500+ words",Local Google map listings lack dedicated high-authority web pages,P1 - Critical
sunday open vet clinic lahore,Emergency Care,Lahore,200 - 300,3,Transactional,BoFu,/services/sunday-open-vet-lahore,"1,200+ words",Low competition; pet owners desperate on weekends,P1 - Critical
home visit vet in lahore,Home Veterinary,Lahore,200 - 350,4,Commercial,BoFu,/services/home-visit-vet-lahore,"1,500+ words",Matchvet (DR 14) ranking with thin 400-word page,P1 - Critical
home visit vet in islamabad,Home Veterinary,Islamabad,150 - 250,3,Commercial,BoFu,/services/home-visit-vet-islamabad,"1,500+ words",Low DR clinics and Instagram pages dominate search,P1 - Critical
veterinary doctor at home rawalpindi,Home Veterinary,Rawalpindi,100 - 200,2,Commercial,BoFu,/services/home-visit-vet-rawalpindi,"1,200+ words",Practically zero dedicated optimized service pages,P1 - Critical
emergency dog surgery lahore,Surgical Services,Lahore,80 - 150,5,Transactional,BoFu,/services/pet-surgery/emergency-surgery,"1,500+ words","AVH (DR 18) ranks with basic text, no structured schema",P1 - Critical
pet ambulance service lahore,Emergency Care,Lahore,100 - 180,2,Transactional,BoFu,/services/pet-ambulance-lahore,"1,000+ words",Untapped search query in Lahore; high emergency intent,P2 - High
dog vaccination cost in pakistan,Preventive Care,Pakistan,"600 - 1,000",8,Commercial / Pricing,MoFu,/blog/dog-vaccination-cost-pakistan,"2,000+ words",Kamil Vet (DR 11) & Petshub (DR 16) rank with outdated prices,P1 - Critical
cat vaccination price in lahore,Preventive Care,Lahore,400 - 700,6,Commercial / Pricing,MoFu,/services/cat-vaccination-lahore,"1,500+ words",General blog posts with zero online appointment booking,P1 - Critical
cat neutering price in lahore,Surgical Services,Lahore,350 - 600,7,Commercial / Pricing,MoFu,/services/cat-spay-neuter-lahore,"1,500+ words",Forum discussions & Quora ranking on page 1,P1 - Critical
dog neutering cost in pakistan,Surgical Services,Pakistan,250 - 450,6,Commercial / Pricing,MoFu,/blog/dog-neutering-cost-pakistan,"1,500+ words",Outdated 2021 blogs ranking with thin pricing tables,P1 - Critical
cat spaying cost in islamabad,Surgical Services,Islamabad,150 - 300,4,Commercial / Pricing,MoFu,/services/cat-spaying-islamabad,"1,500+ words",No dedicated clinic page; dominated by social media posts,P1 - Critical
pet cesarean surgery cost lahore,Surgical Services,Lahore,70 - 150,3,Transactional,BoFu,/services/pet-surgery/cesarean,"1,200+ words",Zero specialized clinic pages with transparent surgical info,P2 - High
dog fracture surgery cost pakistan,Surgical Services,Pakistan,100 - 200,5,Commercial,MoFu,/services/pet-surgery/orthopedic-surgery,"1,500+ words",AVH Hospital ranks with unoptimized PDF/snippets,P2 - High
pet ultrasound price in lahore,Diagnostics,Lahore,120 - 220,4,Commercial,MoFu,/services/diagnostics/pet-ultrasound,"1,200+ words",UVAS center ranks by default; no private clinic ranking,P1 - Critical
dog blood test cost in pakistan,Diagnostics,Pakistan,150 - 250,5,Commercial,MoFu,/services/diagnostics/pet-blood-test,"1,200+ words",General lab sites ranking with irrelevant human CBC info,P2 - High
cat teeth cleaning cost pakistan,Dental Care,Pakistan,180 - 300,4,Commercial,MoFu,/services/pet-dental-care,"1,500+ words",Untapped niche; pet dental awareness is surging,P2 - High
pet microchipping in lahore,ID & Travel,Lahore,90 - 180,2,Commercial,MoFu,/services/pet-microchipping-pakistan,"1,200+ words",Govt UVAS page outdated; zero private clinics ranking,P1 - Critical
pet travel certificate pakistan,ID & Travel,Pakistan,250 - 450,6,Commercial / High Ticket,MoFu,/services/pet-relocation-certificate,"2,000+ words",High conversion; pet owners relocating abroad need PVMC certified vets,P1 - Critical
pet export certificate cost in pakistan,ID & Travel,Pakistan,200 - 350,5,Commercial / High Ticket,MoFu,/blog/pet-export-certificate-pakistan-guide,"1,800+ words",Outdated Facebook group advice dominates SERP,P1 - Critical
cat boarding lahore dhas,Boarding & Care,Lahore,150 - 300,4,Commercial,BoFu,/services/pet-boarding-lahore,"1,500+ words",Petlife (DR 12) & OLX listings rank; easy to outrank with video tour,P2 - High
dog hostel in islamabad,Boarding & Care,Islamabad,120 - 220,3,Commercial,BoFu,/services/dog-boarding-islamabad,"1,200+ words",FB pages and classifieds ranking on top 5,P2 - High
parvovirus symptoms in dogs in urdu,Canine Health,Pakistan,"800 - 1,500",4,Informational,ToFu,/blog/parvovirus-symptoms-treatment-urdu,"2,000+ words",YouTube videos and thin forum posts rank; high video/FAQ opportunity,P1 - Critical
parvovirus treatment for dogs in pakistan,Canine Health,Pakistan,"600 - 1,200",7,Informational / Urgent,ToFu,/blog/parvo-treatment-cost-survival-pakistan,"2,200+ words",PVJ academic study and Roundlake (DR 9) ranking with basic text,P1 - Critical
dog ticks treatment at home pakistan,Parasite Control,Pakistan,"1,200 - 2,200",8,Informational,ToFu,/blog/dog-ticks-treatment-home-pakistan,"2,500+ words",Petshub (DR 16) & generic e-commerce products rank on page 1,P1 - Critical
best tick spray for dogs in pakistan,Parasite Control,Pakistan,500 - 900,5,Commercial / Product,MoFu,/blog/best-tick-spray-dogs-pakistan,"1,800+ words",Daraz product pages; zero veterinary comparison reviews,P2 - High
cat vomiting yellow liquid pakistan,Feline Health,General / PK,500 - 850,3,Informational,ToFu,/blog/cat-vomiting-yellow-liquid-treatment,"1,800+ words",Generic US blogs (PetMD); local Pakistan results are empty,P1 - Critical
cat not eating food reasons,Feline Health,General / PK,"700 - 1,200",6,Informational,ToFu,/blog/cat-not-eating-home-remedies-treatment,"2,000+ words",Generic non-localized content; easy to win with local vet advice,P2 - High
persian cat eye infection treatment,Feline Health,Pakistan,450 - 800,4,Informational,ToFu,/blog/persian-cat-eye-infection-drops-pakistan,"1,800+ words",High Persian cat ownership in Pakistan; low competition,P1 - Critical
cat fungal infection treatment in urdu,Feline Health,Pakistan,400 - 750,3,Informational,ToFu,/blog/cat-fungal-infection-treatment-urdu,"1,800+ words",Huge demand in Pakistan due to humidity; Quora & FB posts rank,P1 - Critical
dog loose motion medicine in pakistan,Canine Health,Pakistan,350 - 650,5,Commercial / Medical,MoFu,/blog/dog-diarrhea-medicine-pakistan,"1,500+ words",Local forums giving unsafe human meds; huge clinical need,P1 - Critical
puppy deworming schedule pakistan,Preventive Care,Pakistan,300 - 550,3,Informational,ToFu,/blog/puppy-deworming-schedule-pakistan,"1,600+ words",AllAboutPets (DR 14) ranking with basic table; easy to beat,P2 - High
kitten vaccination schedule pakistan,Preventive Care,Pakistan,350 - 600,4,Informational,ToFu,/blog/kitten-vaccination-schedule-chart-pakistan,"1,800+ words",Outdated tables; create downloadable PDF schedule,P1 - Critical
dog itching and hair loss treatment,Dermatology,Pakistan,300 - 550,6,Informational,ToFu,/blog/dog-hair-loss-skin-allergy-treatment,"1,800+ words",Generic advice; no localized medication names mentioned,P2 - High
rabies injection price in pakistan,Preventive Care,Pakistan,400 - 700,6,Commercial / Pricing,MoFu,/blog/rabies-vaccine-price-dogs-cats-pakistan,"1,500+ words",Human rabies hospital blogs dominate; pet vaccine data missing,P1 - Critical
cat ear mites drops in pakistan,Parasite Control,Pakistan,250 - 450,3,Commercial / Informational,MoFu,/blog/cat-ear-mites-treatment-drops,"1,500+ words",Only Daraz and Petshub store links; zero medical guide,P2 - High
heat stroke in dogs symptoms treatment,Emergency Care,Pakistan,200 - 400,5,Informational / Urgent,ToFu,/blog/dog-heat-stroke-symptoms-first-aid,"1,600+ words",Very high summer volume in Punjab; local vet authority wins,P2 - High
what to feed a persian cat in pakistan,Nutrition & Diet,Pakistan,500 - 900,5,Informational,ToFu,/blog/what-to-feed-persian-cat-pakistan,"2,000+ words",Thin affiliate blogs ranking with 500 words,P2 - High
best cat food brands in pakistan price list,Nutrition & Diet,Pakistan,"800 - 1,500",9,Commercial,MoFu,/blog/best-cat-food-brands-pakistan-price-list,"2,500+ words",E-commerce stores with no veterinary nutritional analysis,P2 - High
homemade food for cats in pakistan,Nutrition & Diet,Pakistan,400 - 750,3,Informational,ToFu,/blog/healthy-homemade-cat-food-recipes-pakistan,"1,800+ words",High search intent due to expensive imported pet food,P2 - High
german shepherd food chart in urdu,Nutrition & Diet,Pakistan,350 - 650,2,Informational,ToFu,/blog/german-shepherd-diet-chart-pakistan,"1,800+ words",YouTube videos ranking; zero comprehensive written guides,P3 - Medium
best dog food in pakistan with price,Nutrition & Diet,Pakistan,"600 - 1,100",8,Commercial,MoFu,/blog/best-dog-food-pakistan-review,"2,200+ words",Price comparison tables convert very well for clinic shop,P2 - High
best vet in dha lahore,Local SEO,Lahore (DHA),150 - 300,4,Commercial,BoFu,/lahore/dha-veterinary-clinic,"1,500+ words",Pets n Vets (DR 21) ranks purely on local proximity; beatable on-page,P1 - Critical
vet clinic bahria town lahore,Local SEO,Lahore (Bahria),120 - 250,3,Commercial,BoFu,/lahore/bahria-town-vet-clinic,"1,500+ words",AVH Bahria clinic ranks with basic map; no deep content,P1 - Critical
vet clinic gulberg lahore,Local SEO,Lahore (Gulberg),100 - 200,2,Commercial,BoFu,/lahore/gulberg-vet-clinic,"1,200+ words",Abid Pets Hospital ranks with outdated site; easy #1 spot,P1 - Critical
veterinary clinic f10 f11 islamabad,Local SEO,Islamabad,80 - 160,2,Commercial,BoFu,/islamabad/f10-f11-vet-clinic,"1,200+ words",Zero competitors targeting specific F-sectors with content,P1 - Critical
vet clinic saddar rawalpindi,Local SEO,Rawalpindi,100 - 180,2,Commercial,BoFu,/rawalpindi/saddar-vet-clinic,"1,200+ words",Old veterinary dispensaries dominate maps; private clinic can rank instantly,P1 - Critical
pet grooming home service lahore,Grooming,Lahore,150 - 280,3,Commercial,BoFu,/services/pet-grooming-home-service-lahore,"1,500+ words",Instagram profiles ranking; rank #1 on Google web search easily,P2 - High
cat haircut price in lahore,Grooming,Lahore,120 - 220,2,Commercial / Pricing,MoFu,/services/cat-grooming-price-lahore,"1,200+ words",Extremely high commercial intent during summer shedding season,P2 - High
