url,depth,source,state,reason
https://petsone.pk/,0,seed,done,
https://petsone.pk/?s=cat%20food&post_type=product,1,anchor,pending,
https://petsone.pk/?s=dog%20food&post_type=product,1,anchor,pending,
https://petsone.pk/?s=&post_type=product,1,anchor,pending,
https://petsone.pk/cart/,1,anchor,pending,
https://petsone.pk/my-account/,1,anchor,pending,
https://petsone.pk/my-account/?action=register,1,anchor,pending,
https://petsone.pk/my-account/lost-password/,1,anchor,pending,
https://petsone.pk/my-account/?social_auth=facebook,1,anchor,pending,
https://petsone.pk/my-account/?social_auth=google,1,anchor,pending,
https://petsone.pk/wishlist/,1,anchor,pending,
https://petsone.pk/brand/diamond/,1,anchor,pending,
https://petsone.pk/product-category/pets-supplies/cat-supplies/cat-litter-and-waste-disposal/cat-litter/,1,anchor,pending,
https://petsone.pk/product-category/pets-supplies/cat-supplies/cat-toys/,1,anchor,pending,
https://petsone.pk/product-category/pets-supplies/cat-supplies/cat-food-bowls-and-feeders/,1,anchor,pending,
https://petsone.pk/product-category/pets-supplies/cat-supplies/cat-treats/,1,anchor,pending,
https://petsone.pk/product-category/pets-supplies/cat-supplies/cat-food/,1,anchor,pending,
https://petsone.pk/product-category/pets-supplies/dog-supplies/dog-food/wet-food-for-dogs/,1,anchor,pending,
https://petsone.pk/product-category/pets-supplies/dog-supplies/dog-collar-harness-leashes/,1,anchor,pending,
https://petsone.pk/product-category/pets-supplies/dog-supplies/dog-food/dog-treats/,1,anchor,pending,
https://petsone.pk/product-category/pets-supplies/dog-supplies/dog-food-bowls-and-dispenser/,1,anchor,pending,
https://petsone.pk/product-category/pets-supplies/dog-supplies/dog-food/,1,anchor,pending,
https://petsone.pk/shop/,1,anchor,pending,
https://petsone.pk/brand/birbo/,1,anchor,pending,
https://petsone.pk/brand/north-paw/,1,anchor,pending,
https://petsone.pk/brand/homie/,1,anchor,pending,
https://petsone.pk/product/homie-premium-adult-cat-food-chicken/?attribute_pa_pack-size=1-kg,1,anchor,pending,
https://petsone.pk/product-category/pets-supplies/cat-supplies/cat-food/dry-food-for-cats/,1,anchor,pending,
https://petsone.pk/product/homie-premium-adult-cat-food-chicken/?attribute_pa_pack-size=1-kg&variation_id=3566136&add-to-cart=3566131,1,anchor,pending,
https://petsone.pk/product/homie-super-premium-adult-cat-food-chicken/?attribute_pa_pack-size=1-5-kg,1,anchor,pending,
https://petsone.pk/product/homie-super-premium-adult-cat-food-chicken/?attribute_pa_pack-size=1-5-kg&variation_id=3566144&add-to-cart=3566132,1,anchor,pending,
https://petsone.pk/product/homie-super-premium-low-grain-adult-cat-food-chicken/?attribute_pa_pack-size=1-5-kg,1,anchor,pending,
https://petsone.pk/product/homie-super-premium-low-grain-adult-cat-food-chicken/?attribute_pa_pack-size=1-5-kg&variation_id=3566160&add-to-cart=3566134,1,anchor,pending,
https://petsone.pk/product/homie-super-premium-low-grain-kitten-and-mother-cat-food-chicken/?attribute_pa_pack-size=1-5-kg,1,anchor,pending,
https://petsone.pk/product/homie-super-premium-low-grain-kitten-and-mother-cat-food-chicken/?attribute_pa_pack-size=1-5-kg&variation_id=3566153&add-to-cart=3566133,1,anchor,pending,
https://petsone.pk/product/homie-sterilised-adult-cat-food/?attribute_pa_pack-size=1-5-kg,1,anchor,pending,
https://petsone.pk/product/homie-sterilised-adult-cat-food/?attribute_pa_pack-size=1-5-kg&variation_id=3723735&add-to-cart=3588883,1,anchor,pending,
https://petsone.pk/product/homie-super-premium-low-grain-adult-lamb-pro36-fat16/,1,anchor,pending,
https://petsone.pk/?add-to-cart=3723738,1,anchor,pending,
https://petsone.pk/product/homie-super-premium-low-grain-adult-cat-food-chicken/?attribute_pa_pack-size=12-kg,1,anchor,pending,
https://petsone.pk/product/homie-super-premium-low-grain-adult-cat-food-chicken/?attribute_pa_pack-size=12-kg&variation_id=3566161&add-to-cart=3566134,1,anchor,pending,
https://petsone.pk/product/homie-puppy-food-2-75-kg/,1,anchor,pending,
https://petsone.pk/product-category/pets-supplies/dog-supplies/dog-food/dry-food-for-dogs/,1,anchor,pending,
https://petsone.pk/?add-to-cart=3588884,1,anchor,pending,
https://petsone.pk/product/homie-super-premium-low-grain-kitten-and-mother-cat-food-chicken/?attribute_pa_pack-size=2-75-kg,1,anchor,pending,
https://petsone.pk/product/homie-super-premium-low-grain-kitten-and-mother-cat-food-chicken/?attribute_pa_pack-size=2-75-kg&variation_id=3566152&add-to-cart=3566133,1,anchor,pending,
https://petsone.pk/product/homie-super-premium-adult-cat-food-chicken/?attribute_pa_pack-size=2-75-kg,1,anchor,pending,
https://petsone.pk/product/homie-super-premium-adult-cat-food-chicken/?attribute_pa_pack-size=2-75-kg&variation_id=3566143&add-to-cart=3566132,1,anchor,pending,
https://petsone.pk/product/homie-sterilised-hypoallergenic-urinary-adult-cat-food-salmon-pro30/?attribute_pa_pack-size=1-5-kg,1,anchor,pending,
https://petsone.pk/product/homie-sterilised-hypoallergenic-urinary-adult-cat-food-salmon-pro30/?attribute_pa_pack-size=1-5-kg&variation_id=3666143&add-to-cart=3666140,1,anchor,pending,
https://petsone.pk/product/homie-super-premium-low-grain-adult-cat-food-chicken/?attribute_pa_pack-size=3-75-kg,1,anchor,pending,
https://petsone.pk/product/homie-super-premium-low-grain-adult-cat-food-chicken/?attribute_pa_pack-size=3-75-kg&variation_id=3566159&add-to-cart=3566134,1,anchor,pending,
https://petsone.pk/shop/?query_type_brand=or&filter_brand=econature%2Cperfect%2Cpronature,1,anchor,pending,
https://petsone.pk/product/diamond-care-urinary-support-formula-for-adult-cats-2-72-kg/,1,anchor,pending,
https://petsone.pk/product-category/pets-supplies/cat-supplies/cat-food/veterinary-formula-diets-for-cats/,1,anchor,pending,
https://petsone.pk/?add-to-cart=3512710,1,anchor,pending,
https://petsone.pk/product/diamond-maintenance-cat-food/?attribute_pa_pack-size=9-kg,1,anchor,pending,
https://petsone.pk/product/nutragold-cat-diamond-naturals-indoor-cat-food/?attribute_pa_pack-size=3-kg,1,anchor,pending,
https://petsone.pk/brand/taste-of-the-wild/,1,anchor,pending,
https://petsone.pk/product/bonacibo-adult-cat-food-2kg/,1,anchor,pending,
https://petsone.pk/brand/bonacibo/,1,anchor,pending,
https://petsone.pk/?add-to-cart=3512552,1,anchor,pending,
https://petsone.pk/product/bonacibo-kitten-food-1-5-kg/,1,anchor,pending,
https://petsone.pk/?add-to-cart=3512551,1,anchor,pending,
https://petsone.pk/product/josera-catelux-cat-food/?attribute_pa_pack-size=2-kg,1,anchor,pending,
https://petsone.pk/brand/josera/,1,anchor,pending,
https://petsone.pk/product/josera-catelux-cat-food/?attribute_pa_pack-size=2-kg&variation_id=3664140&add-to-cart=3517166,1,anchor,pending,
https://petsone.pk/product/josera-help-urinary-adult-cat-food-2-kg/,1,anchor,pending,
https://petsone.pk/?add-to-cart=3615458,1,anchor,pending,
https://petsone.pk/product/josera-kitten-2-kg/?attribute_pa_pack-size=2-kg,1,anchor,pending,
https://petsone.pk/product/josera-kitten-2-kg/?attribute_pa_pack-size=2-kg&variation_id=3523119&add-to-cart=3517164,1,anchor,pending,
https://petsone.pk/product/josera-marinesse-cat-food-2-kg/,1,anchor,pending,
https://petsone.pk/?add-to-cart=53810,1,anchor,pending,
https://petsone.pk/product/josera-wet-food-for-kittens-josera-wet-food-pouch/,1,anchor,pending,
https://petsone.pk/product-category/pets-supplies/cat-supplies/cat-food/wet-food-for-cats/,1,anchor,pending,
https://petsone.pk/?add-to-cart=3513634,1,anchor,pending,
https://petsone.pk/product/bonacibo-wet-food-for-cats-in-can-beef-chunks-in-jelly/,1,anchor,pending,
https://petsone.pk/?add-to-cart=3511633,1,anchor,pending,
https://petsone.pk/product/pet-nosh-mousse-wet-cat-food-85-gram/?attribute_pa_flavor=chicken,1,anchor,pending,
https://petsone.pk/brand/pet-nosh/,1,anchor,pending,
https://petsone.pk/product/pet-nosh-mousse-wet-cat-food-85-gram/?attribute_pa_flavor=chicken&variation_id=3702812&add-to-cart=3702808,1,anchor,pending,
https://petsone.pk/product/pet-nosh-meat-and-veggie-cat-food/?attribute_pa_pack-size=400-gram,1,anchor,pending,
https://petsone.pk/product/pet-nosh-meat-and-veggie-cat-food/?attribute_pa_pack-size=400-gram&variation_id=3517046&add-to-cart=3517042,1,anchor,pending,
https://petsone.pk/product/pet-nosh-plus-adult-cat-food-meat-and-veggie/?attribute_pa_pack-size=1-2-kg,1,anchor,pending,
https://petsone.pk/product/pet-nosh-plus-adult-cat-food-meat-and-veggie/?attribute_pa_pack-size=1-2-kg&variation_id=3517206&add-to-cart=3517205,1,anchor,pending,
https://petsone.pk/product/mestre-cat-food-all-life-stages-cat-food-1-kg/,1,anchor,pending,
https://petsone.pk/?add-to-cart=3577376,1,anchor,pending,
https://petsone.pk/product/pet-nosh-plus-adult-cat-food-meat-and-veggie/?attribute_pa_pack-size=400-gram,1,anchor,pending,
https://petsone.pk/product/pet-nosh-plus-adult-cat-food-meat-and-veggie/?attribute_pa_pack-size=400-gram&variation_id=3658706&add-to-cart=3517205,1,anchor,pending,
https://petsone.pk/product/pet-nosh-creamy-cat-treat-75-gram/?attribute_pa_flavor=chicken,1,anchor,pending,
https://petsone.pk/product-category/pets-supplies/cat-supplies/cat-treats/creamy-treats/,1,anchor,pending,
https://petsone.pk/product/pet-nosh-creamy-cat-treat-75-gram/?attribute_pa_flavor=chicken&variation_id=3658713&add-to-cart=3658710,1,anchor,pending,
https://petsone.pk/product/pet-nosh-meat-and-veggie-cat-food/?attribute_pa_pack-size=1-kg,1,anchor,pending,
https://petsone.pk/product/pet-nosh-meat-and-veggie-cat-food/?attribute_pa_pack-size=1-kg&variation_id=3517044&add-to-cart=3517042,1,anchor,pending,
https://petsone.pk/product/pet-nosh-mousse-wet-cat-food-85-gram/?attribute_pa_flavor=tuna,1,anchor,pending,
https://petsone.pk/product/pet-nosh-mousse-wet-cat-food-85-gram/?attribute_pa_flavor=tuna&variation_id=3702814&add-to-cart=3702808,1,anchor,pending,
https://petsone.pk/product/pet-nosh-plus-adult-cat-food-meat-and-veggie/?attribute_pa_pack-size=3-7-kg,1,anchor,pending,
https://petsone.pk/product/pet-nosh-plus-adult-cat-food-meat-and-veggie/?attribute_pa_pack-size=3-7-kg&variation_id=3517208&add-to-cart=3517205,1,anchor,pending,
https://petsone.pk/product/pet-nosh-mousse-wet-cat-food-85-gram/?attribute_pa_flavor=salmon,1,anchor,pending,
https://petsone.pk/product/pet-nosh-mousse-wet-cat-food-85-gram/?attribute_pa_flavor=salmon&variation_id=3702813&add-to-cart=3702808,1,anchor,pending,
https://petsone.pk/product/pet-nosh-high-energy-adult-dog-food/?attribute_pa_pack-size=15-kg,1,anchor,pending,
https://petsone.pk/product/pet-nosh-high-energy-adult-dog-food/?attribute_pa_pack-size=15-kg&variation_id=3546661&add-to-cart=3515728,1,anchor,pending,
https://petsone.pk/product/pet-nosh-plus-adult-cat-food-meat-and-veggie/?attribute_pa_pack-size=12-kg,1,anchor,pending,
https://petsone.pk/product/pet-nosh-plus-adult-cat-food-meat-and-veggie/?attribute_pa_pack-size=12-kg&variation_id=3517207&add-to-cart=3517205,1,anchor,pending,
https://petsone.pk/product/whiskas-jelly-85-gram-pouch/?attribute_pa_flavor=poultry,1,anchor,pending,
https://petsone.pk/brand/whiskas/,1,anchor,pending,
https://petsone.pk/product/whiskas-jelly-85-gram-pouch/?attribute_pa_flavor=poultry&variation_id=3516748&add-to-cart=3511595,1,anchor,pending,
https://petsone.pk/product/whiskas-1-poultry-feasts-in-gravy-12-pouch-box/,1,anchor,pending,
https://petsone.pk/?add-to-cart=3516623,1,anchor,pending,
https://petsone.pk/product/whiskas-1-pouches-poultry-feast-in-jelly-12-pouch-box/,1,anchor,pending,
https://petsone.pk/?add-to-cart=3516139,1,anchor,pending,
https://petsone.pk/product/whiskas-2-12-month-kitten-poultry-feasts-in-jelly-85-gram-pouch/?attribute_pa_flavor=duck,1,anchor,pending,
https://petsone.pk/product/whiskas-2-12-month-kitten-poultry-feasts-in-jelly-85-gram-pouch/?attribute_pa_flavor=duck&variation_id=3744894&add-to-cart=3516145,1,anchor,pending,
https://petsone.pk/product/whiskas-1-dry-cat-food-800-gram/?attribute_pa_flavor=lamb,1,anchor,pending,
https://petsone.pk/product/whiskas-1-dry-cat-food-800-gram/?attribute_pa_flavor=lamb&variation_id=3722641&add-to-cart=3511711,1,anchor,pending,
https://petsone.pk/product/whiskas-1-pouches-meaty-meals-in-jelly-12-pouch-box/,1,anchor,pending,
https://petsone.pk/?add-to-cart=3516140,1,anchor,pending,
https://petsone.pk/product/whiskas-2-12-month-kitten-poultry-feasts-in-jelly-85-gram-pouch/?attribute_pa_flavor=poultry,1,anchor,pending,
https://petsone.pk/product/whiskas-2-12-month-kitten-poultry-feasts-in-jelly-85-gram-pouch/?attribute_pa_flavor=poultry&variation_id=3744895&add-to-cart=3516145,1,anchor,pending,
https://petsone.pk/product/whiskas-2-12-month-kitten-poultry-feasts-in-jelly-85-gram-pouch/?attribute_pa_flavor=turkey,1,anchor,pending,
https://petsone.pk/product/whiskas-2-12-month-kitten-poultry-feasts-in-jelly-85-gram-pouch/?attribute_pa_flavor=turkey&variation_id=3744896&add-to-cart=3516145,1,anchor,pending,
https://petsone.pk/product/bundle-whiskas-jelly-pouch-85-gram-x-96-pouches/,1,anchor,pending,
https://petsone.pk/?add-to-cart=3746614,1,anchor,pending,
https://petsone.pk/product/whiskas-2-12-month-kitten-poultry-feasts-in-jelly-85-gram-pouch/?attribute_pa_flavor=chicken,1,anchor,pending,
https://petsone.pk/product/whiskas-2-12-month-kitten-poultry-feasts-in-jelly-85-gram-pouch/?attribute_pa_flavor=chicken&variation_id=3744893&add-to-cart=3516145,1,anchor,pending,
https://petsone.pk/product/whiskas-jelly-80-gram-pouch/?attribute_pa_flavor=chicken-with-salmon&attribute_pa_lifestage-best-for=kitten,1,anchor,pending,
https://petsone.pk/product/whiskas-jelly-80-gram-pouch/?attribute_pa_flavor=salmon&attribute_pa_lifestage-best-for=adult-cat,1,anchor,pending,
https://petsone.pk/product/carnaval-premium-adult-chunks-in-gravy-wet-cat-food-400-grams/?attribute_pa_flavor=lamb,1,anchor,pending,
https://petsone.pk/brand/carnaval/,1,anchor,pending,
https://petsone.pk/product/carnaval-premium-adult-chunks-in-gravy-wet-cat-food-400-grams/?attribute_pa_flavor=lamb&variation_id=3736037&add-to-cart=3514224,1,anchor,pending,
https://petsone.pk/product/carnaval-premium-adult-chunks-in-gravy-wet-cat-food-400-grams/?attribute_pa_flavor=salmon,1,anchor,pending,
https://petsone.pk/product/carnaval-premium-adult-chunks-in-gravy-wet-cat-food-400-grams/?attribute_pa_flavor=salmon&variation_id=3736038&add-to-cart=3514224,1,anchor,pending,
https://petsone.pk/product/appetite-kitten-food-chicken/?attribute_pa_pack-size=400-gram,1,anchor,pending,
https://petsone.pk/brand/appetite/,1,anchor,pending,
https://petsone.pk/product/appetite-kitten-food-chicken/?attribute_pa_pack-size=400-gram&variation_id=3518082&add-to-cart=3518078,1,anchor,pending,
https://petsone.pk/product/carnaval-premium-adult-cat-food-with-chicken/?attribute_pa_pack-size=400-gram,1,anchor,pending,
https://petsone.pk/product/carnaval-premium-adult-cat-food-with-chicken/?attribute_pa_pack-size=400-gram&variation_id=3517459&add-to-cart=3517454,1,anchor,pending,
https://petsone.pk/product/carnaval-premium-adult-cat-food-with-gourmet/?attribute_pa_pack-size=1-5-kg,1,anchor,pending,
https://petsone.pk/product/carnaval-premium-adult-cat-food-with-gourmet/?attribute_pa_pack-size=1-5-kg&variation_id=3517466&add-to-cart=3517462,1,anchor,pending,
https://petsone.pk/product/carnaval-premium-adult-cat-food-with-lamb/?attribute_pa_pack-size=1-5-kg,1,anchor,pending,
https://petsone.pk/product/carnaval-premium-adult-cat-food-with-lamb/?attribute_pa_pack-size=1-5-kg&variation_id=3678853&add-to-cart=3678851,1,anchor,pending,
https://petsone.pk/product/carnaval-premium-adult-chunks-in-gravy-wet-cat-food-400-grams/?attribute_pa_flavor=chicken,1,anchor,pending,
https://petsone.pk/product/carnaval-premium-adult-chunks-in-gravy-wet-cat-food-400-grams/?attribute_pa_flavor=chicken&variation_id=3736036&add-to-cart=3514224,1,anchor,pending,
https://petsone.pk/product/carnaval-premium-kitten-food-with-chicken/?attribute_pa_pack-size=1-5-kg,1,anchor,pending,
https://petsone.pk/product/carnaval-premium-kitten-food-with-chicken/?attribute_pa_pack-size=1-5-kg&variation_id=3517471&add-to-cart=3517470,1,anchor,pending,
https://petsone.pk/product/carnaval-premium-kitten-food-with-chicken/?attribute_pa_pack-size=400-gram,1,anchor,pending,
https://petsone.pk/product/carnaval-premium-kitten-food-with-chicken/?attribute_pa_pack-size=400-gram&variation_id=3678849&add-to-cart=3517470,1,anchor,pending,
https://petsone.pk/product/appetite-kitten-food-chicken/?attribute_pa_pack-size=15-kg,1,anchor,pending,
https://petsone.pk/product/carnaval-premium-adult-cat-food-with-lamb/?attribute_pa_pack-size=400-gram,1,anchor,pending,
https://petsone.pk/product/premium-bentonite-cat-litter-levender-scent/?attribute_pa_pack-size=5-l,1,anchor,pending,
https://petsone.pk/brand/premium-litter/,1,anchor,pending,
https://petsone.pk/product/premium-bentonite-cat-litter-levender-scent/?attribute_pa_pack-size=5-l&variation_id=3516775&add-to-cart=3512910,1,anchor,pending,
https://petsone.pk/product/premium-bentonite-cat-litter-levender-scent/?attribute_pa_pack-size=10-l,1,anchor,pending,
https://petsone.pk/product/premium-bentonite-cat-litter-levender-scent/?attribute_pa_pack-size=10-l&variation_id=3516774&add-to-cart=3512910,1,anchor,pending,
https://petsone.pk/product/premium-bentonite-cat-litter-lemon-scent/?attribute_pa_pack-size=10-l,1,anchor,pending,
https://petsone.pk/product/premium-bentonite-cat-litter-lemon-scent/?attribute_pa_pack-size=10-l&variation_id=3516787&add-to-cart=3512862,1,anchor,pending,
https://petsone.pk/product/premium-bentonite-cat-litter-rose-scent/?attribute_pa_pack-size=10-l,1,anchor,pending,
https://petsone.pk/product/premium-bentonite-cat-litter-rose-scent/?attribute_pa_pack-size=10-l&variation_id=3546967&add-to-cart=3546966,1,anchor,pending,
https://petsone.pk/product/premium-bentonite-cat-litter-lemon-scent/?attribute_pa_pack-size=20-l,1,anchor,pending,
https://petsone.pk/product/premium-bentonite-cat-litter-lemon-scent/?attribute_pa_pack-size=20-l&variation_id=3616065&add-to-cart=3512862,1,anchor,pending,
https://petsone.pk/product/premium-bentonite-cat-litter-apple-scent/?attribute_pa_pack-size=10-l,1,anchor,pending,
https://petsone.pk/product/premium-bentonite-cat-litter-apple-scent/?attribute_pa_pack-size=10-l&variation_id=3516749&add-to-cart=3512861,1,anchor,pending,
https://petsone.pk/product/premium-bentonite-cat-litter-apple-scent/?attribute_pa_pack-size=20-l,1,anchor,pending,
https://petsone.pk/product/premium-bentonite-cat-litter-apple-scent/?attribute_pa_pack-size=20-l&variation_id=3616066&add-to-cart=3512861,1,anchor,pending,
https://petsone.pk/product/bundle-norvet-with-bentonite-litter-save-25/,1,anchor,pending,
https://petsone.pk/product-category/pets-supplies/,1,anchor,pending,
https://petsone.pk/?add-to-cart=3521777,1,anchor,pending,
https://petsone.pk/wholesale/reg/,1,anchor,pending,
https://petsone.pk/brand/6k/,1,anchor,pending,
https://petsone.pk/brand/allday/,1,anchor,pending,
https://petsone.pk/brand/alpha/,1,anchor,pending,
https://petsone.pk/brand/america-litter/,1,anchor,pending,
https://petsone.pk/brand/anko/,1,anchor,pending,
https://petsone.pk/brand/annsipet/,1,anchor,pending,
https://petsone.pk/brand/aves/,1,anchor,pending,
https://petsone.pk/brand/bancat/,1,anchor,pending,
https://petsone.pk/brand/barkies/,1,anchor,pending,
https://petsone.pk/brand/bavet/,1,anchor,pending,
https://petsone.pk/brand/be-happy-pets/,1,anchor,pending,
https://petsone.pk/brand/big-paw/,1,anchor,pending,
https://petsone.pk/brand/bioline/,1,anchor,pending,
https://petsone.pk/brand/biovet/,1,anchor,pending,
https://petsone.pk/brand/birdie/,1,anchor,pending,
https://petsone.pk/brand/blue-baffalo/,1,anchor,pending,
https://petsone.pk/brand/bonnie/,1,anchor,pending,
https://petsone.pk/brand/bravecto/,1,anchor,pending,
https://petsone.pk/brand/brit/,1,anchor,pending,
https://petsone.pk/brand/buyer/,1,anchor,pending,
https://petsone.pk/brand/canine/,1,anchor,pending,
https://petsone.pk/brand/captain-meow/,1,anchor,pending,
https://petsone.pk/brand/cature/,1,anchor,pending,
https://petsone.pk/brand/celebone/,1,anchor,pending,
https://petsone.pk/brand/cesar/,1,anchor,pending,
https://petsone.pk/brand/champion/,1,anchor,pending,
https://petsone.pk/brand/classic-cat-uk/,1,anchor,pending,
https://petsone.pk/brand/cocoveda/,1,anchor,pending,
https://petsone.pk/brand/cool-n-clean/,1,anchor,pending,
https://petsone.pk/brand/croque/,1,anchor,pending,
https://petsone.pk/brand/crunchy/,1,anchor,pending,
https://petsone.pk/brand/damigo/,1,anchor,pending,
https://petsone.pk/brand/dele/,1,anchor,pending,
https://petsone.pk/brand/dibaq/,1,anchor,pending,
https://petsone.pk/brand/dog-care/,1,anchor,pending,
https://petsone.pk/brand/doggie-kattie/,1,anchor,pending,
https://petsone.pk/brand/dogo-pop/,1,anchor,pending,
https://petsone.pk/brand/dr-clauders/,1,anchor,pending,
https://petsone.pk/brand/dreamies/,1,anchor,pending,
https://petsone.pk/brand/econature/,1,anchor,pending,
https://petsone.pk/brand/endi/,1,anchor,pending,
https://petsone.pk/brand/eterna/,1,anchor,pending,
https://petsone.pk/brand/faenbei/,1,anchor,pending,
https://petsone.pk/brand/fancy/,1,anchor,pending,
https://petsone.pk/brand/farmina/,1,anchor,pending,
https://petsone.pk/brand/farmland/,1,anchor,pending,
https://petsone.pk/brand/feed-me/,1,anchor,pending,
https://petsone.pk/brand/felicia/,1,anchor,pending,
https://petsone.pk/brand/felix/,1,anchor,pending,
https://petsone.pk/brand/ferplast/,1,anchor,pending,
https://petsone.pk/brand/fidar/,1,anchor,pending,
https://petsone.pk/brand/floripet/,1,anchor,pending,
https://petsone.pk/brand/fluff-n-buff/,1,anchor,pending,
https://petsone.pk/brand/fluffur/,1,anchor,pending,
https://petsone.pk/brand/fluffy/,1,anchor,pending,
https://petsone.pk/brand/friskies/,1,anchor,pending,
https://petsone.pk/brand/frolic/,1,anchor,pending,
https://petsone.pk/brand/furminator/,1,anchor,pending,
https://petsone.pk/brand/gigwi/,1,anchor,pending,
https://petsone.pk/brand/gino/,1,anchor,pending,
https://petsone.pk/brand/go-cat/,1,anchor,pending,
https://petsone.pk/brand/goody/,1,anchor,pending,
https://petsone.pk/brand/gorilla-grip/,1,anchor,pending,
https://petsone.pk/brand/gourmet/,1,anchor,pending,
https://petsone.pk/brand/grace/,1,anchor,pending,
https://petsone.pk/brand/groove/,1,anchor,pending,
https://petsone.pk/brand/guupy/,1,anchor,pending,
https://petsone.pk/brand/haisenpet/,1,anchor,pending,
https://petsone.pk/brand/happy-cat/,1,anchor,pending,
https://petsone.pk/brand/happy-dog/,1,anchor,pending,
https://petsone.pk/brand/happy-shopper/,1,anchor,pending,
https://petsone.pk/brand/hartz/,1,anchor,pending,
https://petsone.pk/brand/heartgard/,1,anchor,pending,
https://petsone.pk/brand/herbamaxx/,1,anchor,pending,
https://petsone.pk/brand/hikari/,1,anchor,pending,
https://petsone.pk/brand/instinct/,1,anchor,pending,
https://petsone.pk/brand/inter-nutri/,1,anchor,pending,
https://petsone.pk/brand/inukshuk/,1,anchor,pending,
https://petsone.pk/brand/j-scratchers/,1,anchor,pending,
https://petsone.pk/brand/johnson/,1,anchor,pending,
https://petsone.pk/brand/jungle/,1,anchor,pending,
https://petsone.pk/brand/kedi-o/,1,anchor,pending,
https://petsone.pk/brand/kemei/,1,anchor,pending,
https://petsone.pk/brand/kibbles-n-bits/,1,anchor,pending,
https://petsone.pk/brand/klumpy/,1,anchor,pending,
https://petsone.pk/brand/langshi/,1,anchor,pending,
https://petsone.pk/brand/lonkeen/,1,anchor,pending,
https://petsone.pk/brand/loveabowl/,1,anchor,pending,
https://petsone.pk/brand/ma-leashes/,1,anchor,pending,
https://petsone.pk/brand/mano/,1,anchor,pending,
https://petsone.pk/brand/maw-paw/,1,anchor,pending,
https://petsone.pk/brand/maximate/,1,anchor,pending,
https://petsone.pk/brand/maybel/,1,anchor,pending,
https://petsone.pk/brand/me-o/,1,anchor,pending,
https://petsone.pk/brand/meaoon/,1,anchor,pending,
https://petsone.pk/brand/meow-fresh/,1,anchor,pending,
https://petsone.pk/brand/meow-mix/,1,anchor,pending,
https://petsone.pk/brand/mera/,1,anchor,pending,
https://petsone.pk/brand/milo/,1,anchor,pending,
https://petsone.pk/brand/mito/,1,anchor,pending,
https://petsone.pk/brand/moggy/,1,anchor,pending,
https://petsone.pk/brand/monello/,1,anchor,pending,
https://petsone.pk/brand/mopsion/,1,anchor,pending,
https://petsone.pk/brand/mr-pet/,1,anchor,pending,
https://petsone.pk/brand/mr-pet-imported/,1,anchor,pending,
https://petsone.pk/brand/my-katty/,1,anchor,pending,
https://petsone.pk/brand/mystic/,1,anchor,pending,
https://petsone.pk/brand/natural-balance/,1,anchor,pending,
https://petsone.pk/brand/nature-bridge/,1,anchor,pending,
https://petsone.pk/brand/nature-plan/,1,anchor,pending,
https://petsone.pk/brand/naturo/,1,anchor,pending,
https://petsone.pk/brand/nicky/,1,anchor,pending,
https://petsone.pk/brand/nourvet/,1,anchor,pending,
https://petsone.pk/brand/nunbell/,1,anchor,pending,
https://petsone.pk/brand/nutragold/,1,anchor,pending,
https://petsone.pk/brand/nutri-paws/,1,anchor,pending,
https://petsone.pk/brand/nutrican/,1,anchor,pending,
https://petsone.pk/brand/okiko/,1,anchor,pending,
https://petsone.pk/brand/optimum/,1,anchor,pending,
https://petsone.pk/brand/over-zoo/,1,anchor,pending,
https://petsone.pk/brand/pai-pai/,1,anchor,pending,
https://petsone.pk/brand/paider/,1,anchor,pending,
https://petsone.pk/brand/panacur/,1,anchor,pending,
https://petsone.pk/brand/paw-and-tail/,1,anchor,pending,
https://petsone.pk/brand/paw-comfort/,1,anchor,pending,
https://petsone.pk/brand/paw-paw/,1,anchor,pending,
https://petsone.pk/brand/pawfect/,1,anchor,pending,
https://petsone.pk/brand/pawline/,1,anchor,pending,
https://petsone.pk/brand/pawnee/,1,anchor,pending,
https://petsone.pk/brand/pawz/,1,anchor,pending,
https://petsone.pk/brand/pedigree/,1,anchor,pending,
https://petsone.pk/brand/perfect/,1,anchor,pending,
https://petsone.pk/brand/perssa/,1,anchor,pending,
https://petsone.pk/brand/pet-cool/,1,anchor,pending,
https://petsone.pk/brand/pet-lovers/,1,anchor,pending,
https://petsone.pk/brand/pet-metro/,1,anchor,pending,
https://petsone.pk/brand/pets-mommy/,1,anchor,pending,
https://petsone.pk/brand/pet-snack/,1,anchor,pending,
https://petsone.pk/brand/petideal/,1,anchor,pending,
https://petsone.pk/brand/petline/,1,anchor,pending,
https://petsone.pk/brand/petsgo2/,1,anchor,pending,
https://petsone.pk/brand/petso/,1,anchor,pending,
https://petsone.pk/brand/petsonepk/,1,anchor,pending,
https://petsone.pk/brand/petx/,1,anchor,pending,
https://petsone.pk/brand/pick-pure/,1,anchor,pending,
https://petsone.pk/brand/pinkpawpal/,1,anchor,pending,
https://petsone.pk/brand/praferan/,1,anchor,pending,
https://petsone.pk/brand/prime/,1,anchor,pending,
https://petsone.pk/brand/procan/,1,anchor,pending,
https://petsone.pk/brand/prochoice/,1,anchor,pending,
https://petsone.pk/brand/proline/,1,anchor,pending,
https://petsone.pk/brand/pronature/,1,anchor,pending,
https://petsone.pk/brand/proseries/,1,anchor,pending,
https://petsone.pk/brand/prostar/,1,anchor,pending,
https://petsone.pk/brand/purelove/,1,anchor,pending,
https://petsone.pk/brand/purina/,1,anchor,pending,
https://petsone.pk/brand/purrs/,1,anchor,pending,
https://petsone.pk/brand/ranova/,1,anchor,pending,
https://petsone.pk/brand/realtree/,1,anchor,pending,
https://petsone.pk/brand/reflex/,1,anchor,pending,
https://petsone.pk/brand/remu/,1,anchor,pending,
https://petsone.pk/brand/rexy/,1,anchor,pending,
https://petsone.pk/brand/royal-canin/,1,anchor,pending,
https://petsone.pk/brand/royal-gold/,1,anchor,pending,
https://petsone.pk/brand/royalist/,1,anchor,pending,
https://petsone.pk/brand/sarar/,1,anchor,pending,
https://petsone.pk/brand/sheba/,1,anchor,pending,
https://petsone.pk/brand/sigma/,1,anchor,pending,
https://petsone.pk/brand/smartheart/,1,anchor,pending,
https://petsone.pk/brand/supa-paws/,1,anchor,pending,
https://petsone.pk/brand/t-farms/,1,anchor,pending,
https://petsone.pk/brand/tiger-pet/,1,anchor,pending,
https://petsone.pk/brand/topline/,1,anchor,pending,
https://petsone.pk/brand/trixie/,1,anchor,pending,
https://petsone.pk/brand/true-nature/,1,anchor,pending,
https://petsone.pk/brand/tuarna/,1,anchor,pending,
https://petsone.pk/brand/vegebrand/,1,anchor,pending,
https://petsone.pk/brand/veta-farm/,1,anchor,pending,
https://petsone.pk/brand/vittamaxx/,1,anchor,pending,
https://petsone.pk/brand/wagg/,1,anchor,pending,
https://petsone.pk/brand/waggles/,1,anchor,pending,
https://petsone.pk/brand/wainwrights/,1,anchor,pending,
https://petsone.pk/brand/wanpy/,1,anchor,pending,
https://petsone.pk/brand/webbox/,1,anchor,pending,
https://petsone.pk/brand/whiskit/,1,anchor,pending,
https://petsone.pk/brand/wiggles-wags/,1,anchor,pending,
https://petsone.pk/brand/wimow/,1,anchor,pending,
https://petsone.pk/brand/wonder-cat/,1,anchor,pending,
https://petsone.pk/brand/zimbo/,1,anchor,pending,
https://petsone.pk/brand/zoofari/,1,anchor,pending,
https://petsone.pk/category/dog/dog-food/,1,anchor,pending,
https://petsone.pk/best-dog-food-in-pakistan-2026/,1,anchor,pending,
https://petsone.pk/category/cat-food-reviews/,1,anchor,pending,
https://petsone.pk/whiskas-cat-food-price-in-pakistan-what-to-know/,1,anchor,pending,
https://petsone.pk/category/uncategorized/,1,anchor,pending,
https://petsone.pk/why-procan-dog-food-is-the-best-choice-for-your-pets-health/,1,anchor,pending,
https://petsone.pk/ways-you-can-help-rescue-animals/,1,anchor,pending,
https://petsone.pk/category/care-health/,1,anchor,pending,
https://petsone.pk/category/general/,1,anchor,pending,
https://petsone.pk/understanding-toxoplasmosis/,1,anchor,pending,
https://petsone.pk/vet-clinic-lahore/,1,anchor,pending,
https://petsone.pk/shop/?orderby=date,1,anchor,pending,
https://petsone.pk/shop/?orderby=trending,1,anchor,pending,
https://petsone.pk/product-category/pets-supplies/cat-supplies/,1,anchor,pending,
https://petsone.pk/product-category/pets-supplies/cat-supplies/cat-litter-and-waste-disposal/,1,anchor,pending,
https://petsone.pk/product-category/pets-supplies/cat-supplies/cat-beds-matts-and-houses/,1,anchor,pending,
https://petsone.pk/product-category/pets-supplies/cat-supplies/cat-cages-baskets-crates-doors/,1,anchor,pending,
https://petsone.pk/product-category/pets-supplies/cat-supplies/cat-clothing-shoes-accessories-pet-clothes/,1,anchor,pending,
https://petsone.pk/product-category/pets-supplies/cat-supplies/cat-collars-leashes-and-harness/,1,anchor,pending,
https://petsone.pk/product-category/pets-supplies/dog-supplies/,1,anchor,pending,
https://petsone.pk/product-category/pets-supplies/dog-supplies/dog-carriers-and-jet-boxes/,1,anchor,pending,
https://petsone.pk/product-category/pets-supplies/dog-supplies/dog-grooming-supplies/,1,anchor,pending,
https://petsone.pk/product-category/pets-supplies/dog-supplies/dog-grooming-supplies/dog-shampoo/,1,anchor,pending,
https://petsone.pk/product-category/pets-supplies/dog-supplies/dog-grooming-supplies/dog-fur-care-products/,1,anchor,pending,
https://petsone.pk/product-category/pets-supplies/dog-supplies/dog-clothing-pet-clothes/,1,anchor,pending,
https://petsone.pk/product-category/pets-supplies/dog-supplies/dog-grooming-supplies/dog-combs-and-brushes/,1,anchor,pending,
https://petsone.pk/product-category/pets-supplies/birds/,1,anchor,pending,
https://petsone.pk/product-category/pets-supplies/pets-pharmacy/,1,anchor,pending,
https://petsone.pk/track-order/,1,anchor,pending,
